brand	file	size_kb	pages	type_detected	price_suggested	price_final	title	slug	description	notes
DELTA	Delta 40-530C scie a chantourner.pdf	11362	18	Unknown	10	10	DELTA - Delta 40-530C scie a chantourner	delta-delta-40-530c-scie-a-chantourner		
DeWALT	Dewalt DW 3401 3403 3501 3503 scie a ruban.pdf	3119	9	Unknown	10	10	DEWALT - Dewalt DW 3401 3403 3501 3503 scie a ruban	dewalt-dewalt-dw-3401-3403-3501-3503-scie-a-ruban		
DeWALT	Dewalt DW110.pdf	3140	22	Unknown	10	10	DEWALT - Dewalt DW110	dewalt-dewalt-dw110		
DeWALT	dewalt DW125.pdf	12195	42	Unknown	10	10	DEWALT - dewalt DW125	dewalt-dewalt-dw125		
DeWALT	DeWalt DW1251 scie radiale.pdf	71195	27	Unknown	10	10	DEWALT - DeWalt DW1251 scie radiale	dewalt-dewalt-dw1251-scie-radiale		
DeWALT	DeWalt dw721 scie radiale.pdf	1945	144	Unknown	10	10	DEWALT - DeWalt dw721 scie radiale	dewalt-dewalt-dw721-scie-radiale		
DeWALT	DeWalt DW728-729 scie radiale.pdf	1665	128	Unknown	10	10	DEWALT - DeWalt DW728-729 scie radiale	dewalt-dewalt-dw728-729-scie-radiale		
DeWALT	Dewalt radial arm saw 5.pdf	1168	28	Unknown	10	10	DEWALT - Dewalt radial arm saw 5	dewalt-dewalt-radial-arm-saw-5		
DeWALT	Dewalt radial arm saw 790.pdf	2908	21	Unknown	10	10	DEWALT - Dewalt radial arm saw 790	dewalt-dewalt-radial-arm-saw-790		
EINHELL	Einhell TC-SP 204 manuel.pdf	2622	78	Manual	25	25	EINHELL - Einhell TC-SP 204 manuel	einhell-einhell-tc-sp-204-manuel		
ELEKTRA	Elektra Beckum bas 316g dnb.pdf	1500	16	Unknown	10	10	ELEKTRA - Elektra Beckum bas 316g dnb	elektra-elektra-beckum-bas-316g-dnb		
ELEKTRA	Elektra Beckum BAS315.pdf	13613	7	Unknown	10	10	ELEKTRA - Elektra Beckum BAS315	elektra-elektra-beckum-bas315		
ELEKTRA	Elektra Beckum HC 260 M instruction.pdf	2223	20	Manual	15	15	ELEKTRA - Elektra Beckum HC 260 M instruction	elektra-elektra-beckum-hc-260-m-instruction		
ELEKTRA	Elektra Beckum HC 260 manual.pdf	28716	16	Manual	15	15	ELEKTRA - Elektra Beckum HC 260 manual	elektra-elektra-beckum-hc-260-manual		
ERPHI	ERPHI 561 combine bois Notice utilisation.pdf	25641	18	Notice	10	10	ERPHI - ERPHI 561 combine bois Notice utilisation	erphi-erphi-561-combine-bois-notice-utilisation		
EVOLUTION	Evolution FURY5-S.pdf	9495	126	Unknown	10	10	EVOLUTION - Evolution FURY5-S	evolution-evolution-fury5-s		
FELDER	Felder Manuel S-308 F-38 F-48 V-3 V-4.pdf	2165	44	Manual	25	25	FELDER - Felder Manuel S-308 F-38 F-48 V-3 V-4	felder-felder-manuel-s-308-f-38-f-48-v-3-v-4		
FELDER	Felder-six-series-combi-planer-.pdf	7235	214	Unknown	10	10	FELDER - Felder-six-series-combi-planer-	felder-felder-six-series-combi-planer		
FOX	FOX 36-252B.pdf	235	3	Unknown	10	10	FOX - FOX 36-252B	fox-fox-36-252b		
FOX	FOX F22-568 Manuel NEW VERSION.pdf	2287	30	Manual	19	19	FOX - FOX F22-568 Manuel NEW VERSION	fox-fox-f22-568-manuel-new-version		
FOX	FOX F36-252A.pdf	2609	23	Unknown	10	10	FOX - FOX F36-252A	fox-fox-f36-252a		
FOX	FOX F46-255 notice tour bois.pdf	2628	15	Notice	10	10	FOX - FOX F46-255 notice tour bois	fox-fox-f46-255-notice-tour-bois		
FOX	FOX F60-001 toupie-scie + assemblage combine bois F60-250.pdf	2894	38	Unknown	10	10	FOX - FOX F60-001 toupie-scie + assemblage combine bois F60-250	fox-fox-f60-001-toupie-scie-assemblage-combine-bois-f60-250		
GUILLIET	Guilliet AffĂ»teuse automatique IUN.pdf	5582	5	Unknown	10	10	GUILLIET - Guilliet AffĂ»teuse automatique IUN	guilliet-guilliet-affuteuse-automatique-iun		
GUILLIET	Guilliet combiné ZFA-ZFP ZGA-ZGP.pdf	2546	30	Unknown	10	10	GUILLIET - Guilliet combiné ZFA-ZFP ZGA-ZGP	guilliet-guilliet-combine-zfa-zfp-zga-zgp		
HAMMER	Hammer rabot degau A3-26 A3-31 A3-41 + degau A3-41-A.pdf	8628	72	Unknown	10	10	HAMMER - Hammer rabot degau A3-26 A3-31 A3-41 + degau A3-41-A	hammer-hammer-rabot-degau-a3-26-a3-31-a3-41-degau-a3-41-a		
HAULIN	haulin elp 5024.pdf	1013	19	Unknown	10	10	HAULIN - haulin elp 5024	haulin-haulin-elp-5024		
HOLTZLING	Holtzling OT5260 combine 7 fonctions 250 mm.pdf	990	49	Unknown	10	10	HOLTZLING - Holtzling OT5260 combine 7 fonctions 250 mm	holtzling-holtzling-ot5260-combine-7-fonctions-250-mm		
HOLTZLING	Holtzling OT8350 scie sur table.pdf	1523	41	Unknown	10	10	HOLTZLING - Holtzling OT8350 scie sur table	holtzling-holtzling-ot8350-scie-sur-table		
HOLTZLING	HOLTZLING OTPT260 rabo degau Notice.pdf	701	18	Notice	10	10	HOLTZLING - HOLTZLING OTPT260 rabo degau Notice	holtzling-holtzling-otpt260-rabo-degau-notice		
HOLZMANN	Hofmann AD 515-635 de-fr.pdf	3522	6	Unknown	10	10	HOLZMANN - Hofmann AD 515-635 de-fr	holzmann-hofmann-ad-515-635-de-fr		
HOLZMANN	Holzmann HOB 305PRO NOTICE DÂ´UTILISATION.pdf	1400	40	Notice	15	15	HOLZMANN - Holzmann HOB 305PRO NOTICE DÂ´UTILISATION	holzmann-holzmann-hob-305pro-notice-d-utilisation		
HOLZPROFI	Holzprofi SFLNA 1000.pdf	973	24	Unknown	10	10	HOLZPROFI - Holzprofi SFLNA 1000	holzprofi-holzprofi-sflna-1000		
HOLZSTAR HOLZKRAFT	Holstar ASA1051_2051_2053_2553_3053_5053 aspirateur.pdf	1428	44	Unknown	10	10	HOLZSTAR HOLZKRAFT - Holstar ASA1051_2051_2053_2553_3053_5053 aspirateur	holzstar-holzkraft-holstar-asa1051-2051-2053-2553-3053-5053-aspirateur		
HOLZSTAR HOLZKRAFT	Holzstar ADH310 degauchisseuse raboteuse.pdf	1412	26	Unknown	10	10	HOLZSTAR HOLZKRAFT - Holzstar ADH310 degauchisseuse raboteuse	holzstar-holzkraft-holzstar-adh310-degauchisseuse-raboteuse		
HOLZSTAR HOLZKRAFT	holzstar AH150 dégauchisseuse.pdf	3819	27	Unknown	10	10	HOLZSTAR HOLZKRAFT - holzstar AH150 dégauchisseuse	holzstar-holzkraft-holzstar-ah150-degauchisseuse		
HOLZSTAR HOLZKRAFT	Holzstar BTS150-250 ponceuse a bande.pdf	1889	25	Unknown	10	10	HOLZSTAR HOLZKRAFT - Holzstar BTS150-250 ponceuse a bande	holzstar-holzkraft-holzstar-bts150-250-ponceuse-a-bande		
HOLZSTAR HOLZKRAFT	Holzstar DB1000_1100_VARIO.pdf	1536	16	Unknown	10	10	HOLZSTAR HOLZKRAFT - Holzstar DB1000_1100_VARIO	holzstar-holzkraft-holzstar-db1000-1100-vario		
HOLZSTAR HOLZKRAFT	Holzstar DB450.pdf	928	15	Unknown	10	10	HOLZSTAR HOLZKRAFT - Holzstar DB450	holzstar-holzkraft-holzstar-db450		
HOLZSTAR HOLZKRAFT	holzstar DB900.pdf	571	18	Unknown	10	10	HOLZSTAR HOLZKRAFT - holzstar DB900	holzstar-holzkraft-holzstar-db900		
HOLZSTAR HOLZKRAFT	Holzstar DH250 raboteuse dégauchisseuse.pdf	805	19	Unknown	10	10	HOLZSTAR HOLZKRAFT - Holzstar DH250 raboteuse dégauchisseuse	holzstar-holzkraft-holzstar-dh250-raboteuse-degauchisseuse		
HOLZSTAR HOLZKRAFT	holzstar DKS 501 scie a chantourner.pdf	2154	18	Unknown	10	10	HOLZSTAR HOLZKRAFT - holzstar DKS 501 scie a chantourner	holzstar-holzkraft-holzstar-dks-501-scie-a-chantourner		
HOLZSTAR HOLZKRAFT	Holzstar HBS 251-312-351 scie.pdf	1085	23	Unknown	10	10	HOLZSTAR HOLZKRAFT - Holzstar HBS 251-312-351 scie	holzstar-holzkraft-holzstar-hbs-251-312-351-scie		
HOLZSTAR HOLZKRAFT	Holzstar hbs 431-433-533.pdf	1578	20	Unknown	10	10	HOLZSTAR HOLZKRAFT - Holzstar hbs 431-433-533	holzstar-holzkraft-holzstar-hbs-431-433-533		
HOLZSTAR HOLZKRAFT	Holzstar HS5-520 fendeuse.pdf	786	17	Unknown	10	10	HOLZSTAR HOLZKRAFT - Holzstar HS5-520 fendeuse	holzstar-holzkraft-holzstar-hs5-520-fendeuse		
HOLZSTAR HOLZKRAFT	Holzstar HS9 fendeuse.pdf	1271	18	Unknown	10	10	HOLZSTAR HOLZKRAFT - Holzstar HS9 fendeuse	holzstar-holzkraft-holzstar-hs9-fendeuse		
INCA	Inca dégauchisseuse raboteuse 343.190 bis.pdf	4587	16	Unknown	10	10	INCA - Inca dégauchisseuse raboteuse 343.190 bis	inca-inca-degauchisseuse-raboteuse-343-190-bis		
INCA	Inca scie circulaire 341.017.pdf	7856	24	Unknown	10	10	INCA - Inca scie circulaire 341.017	inca-inca-scie-circulaire-341-017		
INCA	Inca scie circulaire Compact 341.017. 24-25.pdf	5246	20	Unknown	10	10	INCA - Inca scie circulaire Compact 341.017. 24-25	inca-inca-scie-circulaire-compact-341-017-24-25		
INCA	Inca scie circulaire major 341.018.pdf	4404	24	Unknown	10	10	INCA - Inca scie circulaire major 341.018	inca-inca-scie-circulaire-major-341-018		
INCA	Inca scie circulaire Master 341.037.pdf	1473	36	Unknown	10	10	INCA - Inca scie circulaire Master 341.037	inca-inca-scie-circulaire-master-341-037		
INCA	Inca scie circulaire Professional 341.033.pdf	571	12	Unknown	10	10	INCA - Inca scie circulaire Professional 341.033	inca-inca-scie-circulaire-professional-341-033		
INCA	INCA Scie Ă  ruban 342.186.pdf	1637	15	Unknown	10	10	INCA - INCA Scie Ă  ruban 342.186	inca-inca-scie-a-ruban-342-186		
INCA	Inca scie Ă  ruban Expert 500, 342.025.pdf	4827	29	Unknown	10	10	INCA - Inca scie Ă  ruban Expert 500, 342.025	inca-inca-scie-a-ruban-expert-500-342-025		
INCA	INCA.degauchisseuse raboteuse.pdf	4644	21	Unknown	10	10	INCA - INCA.degauchisseuse raboteuse	inca-inca-degauchisseuse-raboteuse		
JET	JET JWL-1640EVS manual_en-de-fr 2016.pdf	5882	58	Manual	25	25	JET - JET JWL-1640EVS manual_en-de-fr 2016	jet-jet-jwl-1640evs-manual-en-de-fr-2016		
JOUBERT	Joubert-Tiersot machines combinees.pdf	608	7	Unknown	10	10	JOUBERT - Joubert-Tiersot machines combinees	joubert-joubert-tiersot-machines-combinees		
KAMRO	Kamro FK et FKS scie a format 1976.pdf	6507	25	Unknown	10	10	KAMRO - Kamro FK et FKS scie a format 1976	kamro-kamro-fk-et-fks-scie-a-format-1976		
KITY	degauchisseuse-kity-635-636.pdf	4233	21	Unknown	10	10	KITY - degauchisseuse-kity-635-636	kity-degauchisseuse-kity-635-636		
KITY	KITY - Feuille Technique 60 82 montage reglage dispositif a tenonner 2013.pdf	406	2	Unknown	10	10	KITY - KITY - Feuille Technique 60 82 montage reglage dispositif a tenonner 2013	kity-kity-feuille-technique-60-82-montage-reglage-dispositif-a-tenonner-2013		
KITY	Kity 10 0638 05 - 10 0639 05 rabo degau.pdf	8035	26	Unknown	10	10	KITY - Kity 10 0638 05 - 10 0639 05 rabo degau	kity-kity-10-0638-05-10-0639-05-rabo-degau		
KITY	Kity 415 scie.pdf	17415	14	Unknown	10	10	KITY - Kity 415 scie	kity-kity-415-scie		
KITY	Kity 429.pdf	2270	76	Unknown	10	10	KITY - Kity 429	kity-kity-429		
KITY	Kity 439.pdf	4818	19	Unknown	10	10	KITY - Kity 439	kity-kity-439		
KITY	KITY 5023-Notice utilisation & entretien (FR,DE,EN).pdf	4667	26	Notice	15	15	KITY - KITY 5023-Notice utilisation & entretien (FR,DE,EN)	kity-kity-5023-notice-utilisation-entretien-fr-de-en		
KITY	Kity 608-609.pdf	1882	7	Unknown	10	10	KITY - Kity 608-609	kity-kity-608-609		
KITY	Kity 609.pdf	9754	34	Unknown	10	10	KITY - Kity 609	kity-kity-609		
KITY	Kity 612 Scie Ă  ruban éclatés.pdf	207	2	Parts List	12	12	KITY - Kity 612 Scie Ă  ruban éclatés	kity-kity-612-scie-a-ruban-eclates		
KITY	Kity 612.pdf	3074	5	Unknown	10	10	KITY - Kity 612	kity-kity-612		
KITY	Kity 613 scie a ruban.pdf	29456	21	Unknown	10	10	KITY - Kity 613 scie a ruban	kity-kity-613-scie-a-ruban		
KITY	Kity 613.pdf	3234	20	Unknown	10	10	KITY - Kity 613	kity-kity-613		
KITY	Kity 617 bis.pdf	18186	32	Unknown	10	10	KITY - Kity 617 bis	kity-kity-617-bis		
KITY	Kity 617 Scie circulaire éclatés.pdf	215	3	Parts List	12	12	KITY - Kity 617 Scie circulaire éclatés	kity-kity-617-scie-circulaire-eclates		
KITY	Kity 617.pdf	8272	30	Unknown	10	10	KITY - Kity 617	kity-kity-617		
KITY	Kity 618 Manuel.pdf	1842	23	Manual	19	19	KITY - Kity 618 Manuel	kity-kity-618-manuel		
KITY	Kity 618 éclatés.pdf	678	7	Parts List	12	12	KITY - Kity 618 éclatés	kity-kity-618-eclates		
KITY	Kity 619 1619 scie circulaire.pdf	42148	23	Unknown	10	10	KITY - Kity 619 1619 scie circulaire	kity-kity-619-1619-scie-circulaire		
KITY	kity 619.pdf	230	1	Unknown	10	10	KITY - kity 619	kity-kity-619		
KITY	kity 623 toupie.pdf	17934	33	Unknown	10	10	KITY - kity 623 toupie	kity-kity-623-toupie		
KITY	kity 626 bis.pdf	7079	31	Unknown	10	10	KITY - kity 626 bis	kity-kity-626-bis		
KITY	Kity 626.pdf	8180	30	Unknown	10	10	KITY - Kity 626	kity-kity-626		
KITY	Kity 627 Toupie éclatés.pdf	205	3	Parts List	12	12	KITY - Kity 627 Toupie éclatés	kity-kity-627-toupie-eclates		
KITY	Kity 629 toupie.pdf	1800	25	Unknown	10	10	KITY - Kity 629 toupie	kity-kity-629-toupie		
KITY	Kity 633, 635, 636, 642 bis.pdf	4233	21	Unknown	10	10	KITY - Kity 633, 635, 636, 642 bis	kity-kity-633-635-636-642-bis		
KITY	Kity 633, 635, 636, 642.pdf	4233	21	Unknown	10	10	KITY - Kity 633, 635, 636, 642	kity-kity-633-635-636-642		
KITY	Kity 635_636.pdf	10482	11	Unknown	10	10	KITY - Kity 635_636	kity-kity-635-636		
KITY	Kity 636 Dégau-rabo notice.pdf	41512	20	Notice	10	10	KITY - Kity 636 Dégau-rabo notice	kity-kity-636-degau-rabo-notice		
KITY	Kity 636 Dégau_rabo éclatés.pdf	332	5	Parts List	12	12	KITY - Kity 636 Dégau_rabo éclatés	kity-kity-636-degau-rabo-eclates		
KITY	Kity 637 degau-raboteuse.pdf	39526	17	Unknown	10	10	KITY - Kity 637 degau-raboteuse	kity-kity-637-degau-raboteuse		
KITY	kity 652.pdf	1395	4	Unknown	10	10	KITY - kity 652	kity-kity-652		
KITY	Kity 661 DE.pdf	3687	4	Unknown	10	10	KITY - Kity 661 DE	kity-kity-661-de		
KITY	Kity 661 FR.pdf	4323	4	Unknown	10	10	KITY - Kity 661 FR	kity-kity-661-fr		
KITY	Kity 661 GB.pdf	3694	4	Unknown	10	10	KITY - Kity 661 GB	kity-kity-661-gb		
KITY	Kity 692 696 897 Aspirateurs.pdf	6010	23	Unknown	10	10	KITY - Kity 692 696 897 Aspirateurs	kity-kity-692-696-897-aspirateurs		
KITY	Kity astuces.pdf	2915	12	Unknown	10	10	KITY - Kity astuces	kity-kity-astuces		
KITY	Kity Bestcombi 2000.pdf	6696	144	Unknown	10	10	KITY - Kity Bestcombi 2000	kity-kity-bestcombi-2000		
KITY	Kity bestcombi 260.pdf	14784	48	Unknown	10	10	KITY - Kity bestcombi 260	kity-kity-bestcombi-260		
KITY	Kity Bestcombi2000 bis part1.pdf	31015	23	Unknown	10	10	KITY - Kity Bestcombi2000 bis part1	kity-kity-bestcombi2000-bis-part1		
KITY	Kity Bestcombi2000 bis part2.pdf	26613	23	Unknown	10	10	KITY - Kity Bestcombi2000 bis part2	kity-kity-bestcombi2000-bis-part2		
KITY	KITY Branchement Moteur 380 - 220 volts.pdf	122	1	Schema	5	5	KITY - KITY Branchement Moteur 380 - 220 volts	kity-kity-branchement-moteur-380-220-volts		
KITY	Kity finitions des bois.pdf	404	19	Unknown	10	10	KITY - Kity finitions des bois	kity-kity-finitions-des-bois		
KITY	Kity guide assemblage.pdf	3244	21	Unknown	10	10	KITY - Kity guide assemblage	kity-kity-guide-assemblage		
KITY	Kity junior 6.pdf	16186	31	Unknown	10	10	KITY - Kity junior 6	kity-kity-junior-6		
KITY	Kity K5 bis.pdf	12402	25	Unknown	10	10	KITY - Kity K5 bis	kity-kity-k5-bis		
KITY	Kity K5.pdf	13973	58	Unknown	10	10	KITY - Kity K5	kity-kity-k5		
KITY	Kity mb25 mortaiseuse.pdf	1921	7	Unknown	10	10	KITY - Kity mb25 mortaiseuse	kity-kity-mb25-mortaiseuse		
KITY	Kity montage sur table.pdf	518	1	Unknown	10	10	KITY - Kity montage sur table	kity-kity-montage-sur-table		
KITY	Kity réglage des fers de dégau.pdf	540	6	Unknown	10	10	KITY - Kity réglage des fers de dégau	kity-kity-reglage-des-fers-de-degau		
KORMAN	Korman TX 212110 rabo degau 1250 W.pdf	9996	36	Unknown	10	10	KORMAN - Korman TX 212110 rabo degau 1250 W	korman-korman-tx-212110-rabo-degau-1250-w		
LEMAN	Leman TOU 030 TOU 030T Toupie.pdf	4220	32	Unknown	10	10	LEMAN - Leman TOU 030 TOU 030T Toupie	leman-leman-tou-030-tou-030t-toupie		
METABO	Metabo TF 100 M fraiseuse de table.pdf	1190	44	Unknown	10	10	METABO - Metabo TF 100 M fraiseuse de table	metabo-metabo-tf-100-m-fraiseuse-de-table		
MINIMAX	Minimax C26-30 Genius manuel.pdf	4135	147	Manual	25	25	MINIMAX - Minimax C26-30 Genius manuel	minimax-minimax-c26-30-genius-manuel		
MINIMAX	Minimax LAB 260 notice.pdf	3047	70	Notice	15	15	MINIMAX - Minimax LAB 260 notice	minimax-minimax-lab-260-notice		
MINIMAX	Minimax LAB 260 piĂ¨ces.pdf	1955	46	Parts List	19	19	MINIMAX - Minimax LAB 260 piĂ¨ces	minimax-minimax-lab-260-pieces		
MULTICO	Multico pm20 mortaiseuse.pdf	484	12	Unknown	10	10	MULTICO - Multico pm20 mortaiseuse	multico-multico-pm20-mortaiseuse		
MYFORD	Myford ML8 Parts list.pdf	2259	6	Parts List	12	12	MYFORD - Myford ML8 Parts list	myford-myford-ml8-parts-list		
MYFORD	Myford ML8 plaquette bis.pdf	314	3	Unknown	10	10	MYFORD - Myford ML8 plaquette bis	myford-myford-ml8-plaquette-bis		
MYFORD	Myford ML8 plaquette.pdf	340	6	Unknown	10	10	MYFORD - Myford ML8 plaquette	myford-myford-ml8-plaquette		
RIKON	RIKON rabo degau 10.pdf	10766	32	Unknown	10	10	RIKON - RIKON rabo degau 10	rikon-rikon-rabo-degau-10		
ROBLAND	ROBLAND - K21 K26 SD21 SDB2 SD26 SDB26 TZ30 30 - Manuel Combiné Ă  bois.pdf	2969	29	Manual	19	19	ROBLAND - ROBLAND - K21 K26 SD21 SDB2 SD26 SDB26 TZ30 30 - Manuel Combiné Ă  bois	robland-robland-k21-k26-sd21-sdb2-sd26-sdb26-tz30-30-manuel-combine-a-bois		
ROBLAND	Robland E-300 et E-3200 manual.pdf	1193	45	Manual	25	25	ROBLAND - Robland E-300 et E-3200 manual	robland-robland-e-300-et-e-3200-manual		
ROBLAND	Robland K21 K26 SD21 SDB21 SD26 SDB26 TZ30 T30.pdf	5321	32	Unknown	10	10	ROBLAND - Robland K21 K26 SD21 SDB21 SD26 SDB26 TZ30 T30	robland-robland-k21-k26-sd21-sdb21-sd26-sdb26-tz30-t30		
ROBLAND	ROBLAND K26 Schéma électrique.pdf	1102	1	Schema	5	5	ROBLAND - ROBLAND K26 Schéma électrique	robland-robland-k26-schema-electrique		
ROBLAND	Robland K260 combinée.pdf	18476	32	Unknown	10	10	ROBLAND - Robland K260 combinée	robland-robland-k260-combinee		
ROBLAND	Robland NX brochure.pdf	1867	46	Brochure	5	5	ROBLAND - Robland NX brochure	robland-robland-nx-brochure		
ROBLAND	Robland X310.pdf	10441	63	Unknown	10	10	ROBLAND - Robland X310	robland-robland-x310		
ROBLAND	Robland Z 3800 3200 2500 scie a format manual.pdf	1470	43	Manual	25	25	ROBLAND - Robland Z 3800 3200 2500 scie a format manual	robland-robland-z-3800-3200-2500-scie-a-format-manual		
ROBLAND	Robland-X310-X260-XTZ30-XSD310 manual + parts HD.pdf	65895	59	Manual	25	25	ROBLAND - Robland-X310-X260-XTZ30-XSD310 manual + parts HD	robland-robland-x310-x260-xtz30-xsd310-manual-parts-hd		
ROBLAND	Robland-X310-X260-XTZ30-XSD310 manual + parts.pdf	7452	59	Manual	25	25	ROBLAND - Robland-X310-X260-XTZ30-XSD310 manual + parts	robland-robland-x310-x260-xtz30-xsd310-manual-parts		
SAMCO	SAMCO Catalogue piĂ¨ces.pdf	1653	30	Parts List	19	19	SAMCO - SAMCO Catalogue piĂ¨ces	samco-samco-catalogue-pieces		
SAMCO	SAMCO Manuel utilisation.pdf	7171	45	Manual	25	25	SAMCO - SAMCO Manuel utilisation	samco-samco-manuel-utilisation		
SCHAUBLIN	Schaublin 102 manual.pdf	803	17	Manual	15	15	SCHAUBLIN - Schaublin 102 manual	schaublin-schaublin-102-manual		
SCHEPPACH	scheppach hms1070.pdf	5514	156	Unknown	10	10	SCHEPPACH - scheppach hms1070	scheppach-scheppach-hms1070		
SCHEPPACH	Scheppach HS250L.pdf	5925	60	Unknown	10	10	SCHEPPACH - Scheppach HS250L	scheppach-scheppach-hs250l		
SCHEPPACH	Signal C310 - C250 notice.pdf	37350	35	Notice	15	15	SCHEPPACH - Signal C310 - C250 notice	scheppach-signal-c310-c250-notice		
SCM	SCM F520 e degauchisseuse.pdf	810	10	Unknown	10	10	SCM - SCM F520 e degauchisseuse	scm-scm-f520-e-degauchisseuse		
SCM	SCM Minimax - Genius C26 - Manuel technique.pdf	17337	18	Manual	15	15	SCM - SCM Minimax - Genius C26 - Manuel technique	scm-scm-minimax-genius-c26-manuel-technique		
SCM	SCM RECORD 130 TV.pdf	2543	9	Unknown	10	10	SCM - SCM RECORD 130 TV	scm-scm-record-130-tv		
SCM	SCM S 50N.pdf	4580	30	Unknown	10	10	SCM - SCM S 50N	scm-scm-s-50n		
SCM	SCM S520 e Raboteuse fonctionnement-entretien.pdf	1005	69	Unknown	10	10	SCM - SCM S520 e Raboteuse fonctionnement-entretien	scm-scm-s520-e-raboteuse-fonctionnement-entretien		
SCM	SCM SI16WA-WF-SW-SF-F-operations scie circulaire.pdf	6892	56	Unknown	10	10	SCM - SCM SI16WA-WF-SW-SF-F-operations scie circulaire	scm-scm-si16wa-wf-sw-sf-f-operations-scie-circulaire		
SCM	SCM T130 N-NPS toupie manual.pdf	7656	58	Manual	25	25	SCM - SCM T130 N-NPS toupie manual	scm-scm-t130-n-nps-toupie-manual		
SCM	SCM TF 130 CLASS Toupie instruction.pdf	7548	233	Manual	25	25	SCM - SCM TF 130 CLASS Toupie instruction	scm-scm-tf-130-class-toupie-instruction		
SICAR	Sicar H210 H300 H350 TS250.pdf	8049	44	Unknown	10	10	SICAR - Sicar H210 H300 H350 TS250	sicar-sicar-h210-h300-h350-ts250		
SICM	S.I.C.M Chambon SF284 scie circulaire (1983).pdf	3830	51	Unknown	10	10	SICM - S.I.C.M Chambon SF284 scie circulaire (1983)	sicm-s-i-c-m-chambon-sf284-scie-circulaire-1983		
SIFMO	SIFMO SR35.pdf	3721	8	Unknown	10	10	SIFMO - SIFMO SR35	sifmo-sifmo-sr35		
